City_ID,City,Country,Date,Current Description,Lat,Lng,Max Temp,Humidity,Cloudiness,Wind Speed
0,Hamilton,US,2021-12-21 17:10:44,broken clouds,39.1834,-84.5333,43.12,78,75,1.01
1,Luderitz,NA,2021-12-21 17:10:44,clear sky,-26.6481,15.1594,65.77,71,0,5.08
2,Arraial Do Cabo,BR,2021-12-21 17:10:44,clear sky,-22.9661,-42.0278,80.46,65,0,14.97
3,Rikitea,PF,2021-12-21 17:08:46,heavy intensity rain,-23.1203,-134.9692,72.9,90,100,12.03
4,Nikolskoye,RU,2021-12-21 17:08:49,overcast clouds,59.7035,30.7861,9.79,93,100,7.2
5,Awjilah,LY,2021-12-21 17:10:45,clear sky,29.1081,21.2869,57.18,40,0,4.81
6,Ashcroft,CA,2021-12-21 17:10:46,overcast clouds,50.7165,-121.2859,7.61,93,96,1.12
7,Warri,NG,2021-12-21 17:10:46,broken clouds,5.5167,5.75,92.79,25,55,1.19
8,Krasnokamensk,RU,2021-12-21 17:10:46,clear sky,50.0979,118.0369,-17.32,93,6,2.24
9,Dunedin,NZ,2021-12-21 17:10:47,clear sky,-45.8742,170.5036,53.8,90,10,1.01
10,New Norfolk,AU,2021-12-21 17:08:47,overcast clouds,-42.7826,147.0587,54.91,49,96,4.0
11,Busselton,AU,2021-12-21 17:08:48,few clouds,-33.65,115.3333,60.08,85,17,14.45
12,Ushuaia,AR,2021-12-21 17:08:54,scattered clouds,-54.8,-68.3,58.62,62,40,35.68
13,Cidreira,BR,2021-12-21 17:10:48,clear sky,-30.1811,-50.2056,79.25,66,4,10.4
14,Aklavik,CA,2021-12-21 17:10:48,light snow,68.2191,-135.0107,14.0,85,90,8.05
15,Tual,ID,2021-12-21 17:10:48,overcast clouds,-5.6667,132.75,82.6,79,100,10.36
16,Shingu,JP,2021-12-21 17:10:49,clear sky,33.7333,135.9833,47.46,85,7,5.66
17,Castro,BR,2021-12-21 17:10:07,clear sky,-24.7911,-50.0119,85.87,32,1,4.99
18,Mar Del Plata,AR,2021-12-21 17:08:50,overcast clouds,-38.0023,-57.5575,68.88,91,86,11.01
19,Bluff,NZ,2021-12-21 17:08:53,broken clouds,-46.6,168.3333,54.91,71,53,20.51
20,Cape Town,ZA,2021-12-21 17:10:01,clear sky,-33.9258,18.4232,76.87,69,4,5.01
21,Albany,US,2021-12-21 17:04:13,overcast clouds,42.6001,-73.9662,40.95,66,100,5.14
22,Hilo,US,2021-12-21 17:10:00,mist,19.7297,-155.09,69.28,49,90,6.91
23,Thompson,CA,2021-12-21 17:06:36,broken clouds,55.7435,-97.8558,-21.86,97,84,2.13
24,Jamestown,US,2021-12-21 17:06:10,overcast clouds,42.097,-79.2353,37.71,71,90,10.0
25,Ahipara,NZ,2021-12-21 17:10:50,overcast clouds,-35.1667,173.1667,60.96,87,86,3.42
26,Marica,BR,2021-12-21 17:06:09,few clouds,-22.9194,-42.8186,87.26,71,14,15.39
27,Fortuna,US,2021-12-21 17:10:51,moderate rain,40.5982,-124.1573,50.92,84,75,3.0
28,Akdepe,TM,2021-12-21 17:10:51,scattered clouds,42.0551,59.3788,46.4,67,44,10.89
29,Ponta Do Sol,PT,2021-12-21 17:10:51,overcast clouds,32.6667,-17.1,68.72,81,95,10.42
30,Quatre Cocos,MU,2021-12-21 17:10:52,light rain,-20.2078,57.7625,78.91,80,99,14.7
31,Vaini,TO,2021-12-21 17:08:53,light rain,-21.2,-175.2,78.96,94,75,6.91
32,Lompoc,US,2021-12-21 17:10:52,clear sky,34.6391,-120.4579,57.13,80,1,6.91
33,Saint-Philippe,RE,2021-12-21 17:10:53,light rain,-21.3585,55.7679,78.39,87,74,12.01
34,Cabo San Lucas,MX,2021-12-21 17:10:53,clear sky,22.8909,-109.9124,74.05,64,1,9.22
35,Mahebourg,MU,2021-12-21 17:08:50,light rain,-20.4081,57.7,79.09,78,75,12.66
36,Port Hardy,CA,2021-12-21 17:10:53,broken clouds,50.6996,-127.4199,31.75,64,74,6.46
37,Clyde River,CA,2021-12-21 17:10:54,overcast clouds,70.4692,-68.5914,2.23,74,100,5.41
38,Nouakchott,MR,2021-12-21 17:08:46,overcast clouds,18.0858,-15.9785,80.53,37,100,2.13
39,Provideniya,RU,2021-12-21 17:10:02,scattered clouds,64.3833,-173.3,3.49,79,43,7.65
40,Mungaoli,IN,2021-12-21 17:10:54,clear sky,24.4167,78.1,57.29,29,0,1.21
41,Port Alfred,ZA,2021-12-21 17:10:12,scattered clouds,-33.5906,26.891,72.25,87,38,24.7
42,Walvis Bay,NA,2021-12-21 17:10:55,clear sky,-22.9575,14.5053,68.09,69,2,10.58
43,Kavieng,PG,2021-12-21 17:10:55,light rain,-2.5744,150.7967,81.82,79,100,7.9
44,Barrow,US,2021-12-21 17:08:47,overcast clouds,71.2906,-156.7887,-5.78,77,90,14.97
45,Kapaa,US,2021-12-21 17:08:51,light rain,22.0752,-159.319,73.72,74,90,5.99
46,Dikson,RU,2021-12-21 17:08:46,overcast clouds,73.5069,80.5464,-25.56,94,96,16.71
47,Camocim,BR,2021-12-21 17:11:56,broken clouds,-2.9022,-40.8411,87.51,60,64,20.36
48,Vardo,NO,2021-12-21 17:08:56,broken clouds,70.3705,31.1107,24.55,74,75,16.11
49,Mataura,NZ,2021-12-21 17:08:50,clear sky,-46.1927,168.8643,55.24,61,6,6.85
50,Shache,CN,2021-12-21 17:11:56,clear sky,38.4167,77.2406,30.69,41,0,4.05
51,Blytheville,US,2021-12-21 17:11:41,clear sky,35.9273,-89.919,49.23,65,1,5.99
52,Souillac,MU,2021-12-21 17:11:57,broken clouds,-20.5167,57.5167,79.18,78,75,12.66
53,Carnarvon,AU,2021-12-21 17:11:06,scattered clouds,-24.8667,113.6333,71.67,83,29,19.57
54,Yairipok,IN,2021-12-21 17:11:57,scattered clouds,24.6667,94.0667,51.98,76,27,2.95
55,Coxim,BR,2021-12-21 17:11:58,overcast clouds,-18.5067,-54.76,85.17,66,100,1.19
56,Gusau,NG,2021-12-21 17:11:58,clear sky,12.1628,6.6614,80.01,20,1,10.56
57,Nanortalik,GL,2021-12-21 17:11:58,light rain,60.1432,-45.2371,41.29,77,100,26.04
58,Constantine,DZ,2021-12-21 17:08:16,few clouds,36.365,6.6147,52.7,48,23,1.19
59,Evensk,RU,2021-12-21 17:11:59,broken clouds,61.95,159.2333,-3.14,63,60,11.23
60,Avarua,CK,2021-12-21 17:11:59,light rain,-21.2078,-159.775,77.05,78,40,10.36
61,Leningradskiy,RU,2021-12-21 17:10:04,broken clouds,69.3833,178.4167,0.46,70,84,30.87
62,Xuddur,SO,2021-12-21 17:12:00,broken clouds,4.1213,43.8894,85.41,38,83,10.94
63,Bagdarin,RU,2021-12-21 17:12:00,scattered clouds,54.4333,113.6,-26.27,93,37,3.02
64,Padang,ID,2021-12-21 17:12:01,overcast clouds,-0.9492,100.3543,78.85,88,99,4.18
65,Lorengau,PG,2021-12-21 17:12:01,light rain,-2.0226,147.2712,81.12,81,100,5.32
66,Geraldton,AU,2021-12-21 17:12:01,overcast clouds,-28.7667,114.6,70.21,68,90,14.97
67,Coquimbo,CL,2021-12-21 17:09:40,clear sky,-29.9533,-71.3436,67.73,63,0,12.66
68,Puerto Ayora,EC,2021-12-21 17:10:11,broken clouds,-0.7393,-90.3518,78.76,82,81,8.25
69,Saskylakh,RU,2021-12-21 17:12:02,overcast clouds,71.9167,114.0833,-20.88,99,90,4.7
70,Goderich,CA,2021-12-21 17:12:02,overcast clouds,43.7501,-81.7165,35.91,70,87,14.72
71,Tiksi,RU,2021-12-21 17:10:16,overcast clouds,71.6872,128.8694,-17.93,97,100,10.07
72,Coihaique,CL,2021-12-21 17:10:02,clear sky,-45.5752,-72.0662,73.35,35,0,3.44
73,Beisfjord,NO,2021-12-21 17:12:03,scattered clouds,68.3751,17.5988,21.25,67,33,8.9
74,Ilulissat,GL,2021-12-21 17:12:03,scattered clouds,69.2167,-51.1,44.62,29,40,23.02
75,Yar-Sale,RU,2021-12-21 17:12:04,overcast clouds,66.8333,70.8333,-5.1,96,100,9.1
76,Juneau,US,2021-12-21 17:07:12,snow,58.3019,-134.4197,32.85,98,90,13.8
77,Iqaluit,CA,2021-12-21 17:08:10,snow,63.7506,-68.5145,-7.87,77,90,33.38
78,Lebu,CL,2021-12-21 17:12:04,clear sky,-37.6167,-73.65,61.93,65,0,20.96
79,Butaritari,KI,2021-12-21 17:08:47,overcast clouds,3.0707,172.7902,81.1,71,94,6.98
80,Pevek,RU,2021-12-21 17:12:05,overcast clouds,69.7008,170.3133,-6.27,79,100,13.27
81,San Carlos De Bariloche,AR,2021-12-21 17:12:05,clear sky,-41.1456,-71.3082,77.14,17,0,3.42
82,Pingliang,CN,2021-12-21 17:12:05,clear sky,35.5392,106.6861,35.17,32,0,6.26
83,Kabanjahe,ID,2021-12-21 17:12:06,overcast clouds,3.1001,98.4908,61.56,97,100,2.84
84,Yaan,NG,2021-12-21 17:12:06,broken clouds,7.3833,8.5667,89.83,17,56,6.31
85,Bethel,US,2021-12-21 17:12:06,clear sky,41.3712,-73.414,40.37,60,1,4.61
86,Kirgiz-Miyaki,RU,2021-12-21 17:12:07,overcast clouds,53.6324,54.7979,26.49,98,100,6.06
87,Broken Hill,AU,2021-12-21 17:10:05,scattered clouds,-31.95,141.4333,74.19,32,27,15.19
88,Saint George,US,2021-12-21 17:10:13,clear sky,37.1041,-113.5841,55.35,70,1,0.0
89,Salalah,OM,2021-12-21 17:12:08,clear sky,17.0151,54.0924,77.09,69,0,2.3
90,Faanui,PF,2021-12-21 17:12:08,overcast clouds,-16.4833,-151.75,78.57,79,95,11.32
91,Itarema,BR,2021-12-21 17:13:09,broken clouds,-2.9248,-39.9167,87.57,57,57,15.03
92,Yellowknife,CA,2021-12-21 17:13:09,broken clouds,62.456,-114.3525,-24.27,100,82,3.0
93,Kapoeta,SS,2021-12-21 17:13:10,broken clouds,4.7717,33.5903,85.39,41,84,7.16
94,Shenjiamen,CN,2021-12-21 17:13:10,scattered clouds,29.9576,122.298,53.35,65,41,7.36
95,Sydney,AU,2021-12-21 17:11:04,broken clouds,-33.8679,151.2073,72.72,86,75,17.27
96,Khandbari,NP,2021-12-21 17:13:10,few clouds,27.3747,87.2039,49.8,66,19,3.89
97,Saint Anthony,US,2021-12-21 17:13:11,light snow,45.0205,-93.218,19.26,81,90,3.0
98,Kirakira,SB,2021-12-21 17:08:54,overcast clouds,-10.4544,161.9205,79.59,84,97,0.89
99,Punta Arenas,CL,2021-12-21 17:04:01,scattered clouds,-53.15,-70.9167,60.91,55,40,41.43
100,Longyearbyen,SJ,2021-12-21 17:10:01,broken clouds,78.2186,15.6401,15.64,86,75,10.36
101,Agirish,RU,2021-12-21 17:13:12,overcast clouds,61.9247,63.0231,-2.7,99,99,4.97
102,Tasiilaq,GL,2021-12-21 17:10:14,overcast clouds,65.6145,-37.6368,32.16,61,100,8.88
103,Yanam,IN,2021-12-21 17:13:12,clear sky,16.7333,82.2167,72.0,82,7,1.66
104,Djibo,BF,2021-12-21 17:13:12,clear sky,14.1022,-1.6306,83.23,11,4,12.64
105,Port Elizabeth,ZA,2021-12-21 17:08:55,clear sky,-33.918,25.5701,79.11,88,0,17.27
106,Marsa Matruh,EG,2021-12-21 17:13:13,clear sky,31.3525,27.2453,59.83,67,2,13.6
107,Da Nang,VN,2021-12-21 17:13:13,broken clouds,16.0678,108.2208,69.78,83,75,3.44
108,Hervey Bay,AU,2021-12-21 17:10:54,light rain,-25.2986,152.8535,71.04,83,3,3.02
109,Port Lincoln,AU,2021-12-21 17:13:14,scattered clouds,-34.7333,135.8667,59.34,82,34,9.8
110,Constitucion,CL,2021-12-21 17:13:14,clear sky,-35.3333,-72.4167,72.25,51,2,16.26
111,Esperance,AU,2021-12-21 17:13:14,overcast clouds,-33.8667,121.9,62.67,83,99,10.89
112,Caravelas,BR,2021-12-21 17:13:15,broken clouds,-17.7125,-39.2481,78.8,81,56,4.38
113,Fukue,JP,2021-12-21 17:13:15,clear sky,32.6881,128.8419,57.07,56,1,10.69
114,West Plains,US,2021-12-21 17:13:15,clear sky,36.7281,-91.8524,46.62,67,1,3.0
115,Diapaga,BF,2021-12-21 17:13:16,clear sky,12.0708,1.7889,86.13,15,2,9.42
116,Chumikan,RU,2021-12-21 17:13:16,overcast clouds,54.7183,135.315,-26.37,83,89,8.34
117,East London,ZA,2021-12-21 17:10:10,broken clouds,-33.0153,27.9116,72.77,85,53,19.26
118,Georgetown,MY,2021-12-21 17:13:17,few clouds,5.4112,100.3354,78.73,94,20,0.0
119,Hermanus,ZA,2021-12-21 17:08:57,clear sky,-34.4187,19.2345,74.8,63,0,15.95
120,Ishigaki,JP,2021-12-21 17:13:17,light rain,24.3448,124.1572,74.25,88,100,28.34
121,Laguna,US,2021-12-21 17:13:18,mist,38.421,-121.4238,47.25,91,90,1.99
122,Waipawa,NZ,2021-12-21 17:13:18,clear sky,-41.4122,175.5153,59.63,71,0,14.88
123,Malindi,KE,2021-12-21 17:13:19,overcast clouds,-3.2175,40.1191,81.19,80,92,7.54
124,Naze,JP,2021-12-21 17:13:19,light rain,28.3667,129.4833,56.25,88,100,1.63
125,Sao Raimundo Das Mangabeiras,BR,2021-12-21 17:13:19,overcast clouds,-7.0219,-45.4811,84.49,71,100,2.57
126,Dali,CN,2021-12-21 17:13:20,clear sky,25.7,100.1833,42.13,65,0,3.15
127,Vetluzhskiy,RU,2021-12-21 17:13:20,overcast clouds,58.3902,45.4654,-6.32,98,95,4.72
128,Khatanga,RU,2021-12-21 17:08:52,overcast clouds,71.9667,102.5,-22.92,99,98,7.65
129,Srednekolymsk,RU,2021-12-21 17:13:21,overcast clouds,67.45,153.6833,-17.55,94,100,8.95
130,Kruisfontein,ZA,2021-12-21 17:13:21,clear sky,-34.0033,24.7314,76.89,72,4,10.45
131,Norman Wells,CA,2021-12-21 17:10:07,overcast clouds,65.282,-126.8329,13.33,93,99,9.1
132,Port Blair,IN,2021-12-21 17:13:22,broken clouds,11.6667,92.75,77.2,78,61,3.89
133,Kijang,KR,2021-12-21 17:13:22,clear sky,35.2442,129.2139,46.33,57,0,5.14
134,Cayhagan,PH,2021-12-21 17:13:22,overcast clouds,9.6697,122.4256,77.16,84,100,6.13
135,Cockburn Town,TC,2021-12-21 17:08:31,scattered clouds,21.4612,-71.1419,82.36,57,40,11.5
136,Bubaque,GW,2021-12-21 17:14:23,broken clouds,11.2833,-15.8333,82.4,53,59,9.53
137,Talnakh,RU,2021-12-21 17:14:24,broken clouds,69.4865,88.3972,-24.48,88,83,8.97
138,Belozerskoye,RU,2021-12-21 17:14:24,overcast clouds,55.8214,65.5842,28.98,87,100,15.48
139,Hithadhoo,MV,2021-12-21 17:14:24,clear sky,-0.6,73.0833,82.08,72,9,0.58
140,San Patricio,US,2021-12-21 17:10:05,clear sky,28.017,-97.5169,61.84,54,0,4.09
141,Labuan,MY,2021-12-21 17:14:25,overcast clouds,5.2767,115.2417,78.96,76,85,2.46
142,Vestmannaeyjar,IS,2021-12-21 17:14:26,overcast clouds,63.4427,-20.2734,40.19,93,90,20.71
143,Nelson Bay,AU,2021-12-21 17:14:26,overcast clouds,-32.7167,152.15,76.1,95,99,1.01
144,Polunochnoye,RU,2021-12-21 17:14:26,light snow,60.8697,60.4153,-7.44,98,100,6.6
145,Chuy,UY,2021-12-21 17:14:27,overcast clouds,-33.6971,-53.4616,68.76,83,100,3.42
146,Pandan,PH,2021-12-21 17:14:27,broken clouds,14.0453,124.1694,77.79,90,84,6.91
147,Ojinaga,MX,2021-12-21 17:14:28,clear sky,29.5667,-104.4167,58.57,43,1,0.0
148,Beyneu,KZ,2021-12-21 17:14:28,overcast clouds,45.3167,55.2,40.26,83,100,14.03
149,Tchaourou,BJ,2021-12-21 17:14:28,clear sky,8.8865,2.5975,90.86,18,8,5.01
150,Ribeira Grande,PT,2021-12-21 17:14:29,broken clouds,38.5167,-28.7,63.0,82,75,24.16
151,Ardesen,TR,2021-12-21 17:14:29,moderate rain,41.1911,40.9875,40.96,89,100,10.11
152,Cabedelo,BR,2021-12-21 17:13:48,overcast clouds,-6.9811,-34.8339,86.67,68,100,10.29
153,North Battleford,CA,2021-12-21 17:12:00,broken clouds,52.7834,-108.2847,10.4,91,76,5.21
154,Abong Mbang,CM,2021-12-21 17:11:19,broken clouds,3.9833,13.1833,81.34,35,68,3.31
155,Lasang,PH,2021-12-21 17:10:12,overcast clouds,7.2669,125.665,75.58,89,97,6.53
156,Scottsbluff,US,2021-12-21 17:14:30,clear sky,41.8666,-103.6672,55.83,49,1,5.01
157,Narsaq,GL,2021-12-21 17:14:30,overcast clouds,60.9167,-46.05,46.62,65,100,11.05
158,Taoudenni,ML,2021-12-21 17:14:31,overcast clouds,22.6783,-3.9836,77.45,19,100,6.6
159,Dudinka,RU,2021-12-21 17:14:31,broken clouds,69.4058,86.1778,-33.45,98,80,7.14
160,Pedernales,DO,2021-12-21 17:14:32,clear sky,18.0384,-71.744,82.22,62,8,6.8
161,Itanhem,BR,2021-12-21 17:14:32,overcast clouds,-17.1664,-40.33,79.88,75,98,3.02
162,Palm Beach,US,2021-12-21 17:11:56,light rain,26.6503,-80.4498,77.02,77,100,17.85
163,Bandarbeyla,SO,2021-12-21 17:08:46,overcast clouds,9.4942,50.8122,77.72,71,100,17.18
164,Qaanaaq,GL,2021-12-21 17:08:56,overcast clouds,77.484,-69.3632,35.38,73,99,10.45
165,Pochutla,MX,2021-12-21 17:14:33,clear sky,15.7432,-96.4661,87.62,50,0,4.88
166,Bambous Virieux,MU,2021-12-21 17:09:59,light rain,-20.3428,57.7575,79.05,78,75,12.66
167,Sao Joao Da Barra,BR,2021-12-21 17:14:33,few clouds,-21.6403,-41.0511,80.69,72,20,13.82
168,Hobart,AU,2021-12-21 17:05:32,overcast clouds,-42.8794,147.3294,55.26,55,97,3.0
169,Alofi,NU,2021-12-21 17:14:34,overcast clouds,-19.0595,-169.9187,79.36,71,91,18.12
170,Grand Gaube,MU,2021-12-21 17:14:34,moderate rain,-20.0064,57.6608,79.2,91,96,7.0
171,Petropavlovsk-Kamchatskiy,RU,2021-12-21 17:14:34,clear sky,53.0452,158.6483,10.4,75,9,12.1
172,Yangcun,CN,2021-12-21 17:14:35,few clouds,39.3639,117.0603,32.0,71,16,8.43
173,Matadi,CD,2021-12-21 17:14:35,overcast clouds,-5.8167,13.45,83.88,79,98,2.84
174,Alice Springs,AU,2021-12-21 17:14:35,overcast clouds,-23.7,133.8833,80.15,22,97,9.22
175,Port Hawkesbury,CA,2021-12-21 17:14:36,light rain,45.6169,-61.3485,38.91,83,90,13.0
176,Neryungri,RU,2021-12-21 17:14:36,overcast clouds,56.6709,124.6491,-38.15,100,97,1.99
177,Santiago Del Estero,AR,2021-12-21 17:14:36,broken clouds,-27.7951,-64.2615,102.15,28,70,10.49
178,Gushikawa,JP,2021-12-21 17:14:37,moderate rain,26.3544,127.8686,64.4,84,90,8.05
179,Chokurdakh,RU,2021-12-21 17:10:08,overcast clouds,70.6333,147.9167,-10.08,97,100,9.46
180,Flinders,AU,2021-12-21 17:14:37,broken clouds,-34.5833,150.8552,70.21,86,77,7.63
181,Kodiak,US,2021-12-21 17:14:38,few clouds,57.79,-152.4072,31.84,74,21,12.82
182,Bengkulu,ID,2021-12-21 17:14:38,overcast clouds,-3.8004,102.2655,78.15,84,100,5.99
183,Upernavik,GL,2021-12-21 17:14:38,scattered clouds,72.7868,-56.1549,23.77,75,34,6.35
184,Vila Velha,BR,2021-12-21 17:12:57,overcast clouds,-20.3297,-40.2925,73.35,94,90,5.75
185,Charters Towers,AU,2021-12-21 17:15:39,clear sky,-20.1,146.2667,72.64,86,5,7.72
186,Vilhena,BR,2021-12-21 17:15:03,overcast clouds,-12.7406,-60.1458,73.54,95,100,4.27
187,Madimba,TZ,2021-12-21 17:15:39,broken clouds,-10.4,40.3333,78.57,79,58,7.81
188,Olafsvik,IS,2021-12-21 17:15:39,overcast clouds,64.8945,-23.7142,36.41,73,100,13.91
189,Nemuro,JP,2021-12-21 17:15:40,scattered clouds,43.3236,145.575,33.78,75,27,10.94
190,Bredasdorp,ZA,2021-12-21 17:08:52,few clouds,-34.5322,20.0403,74.28,79,23,13.35
191,Kailua,US,2021-12-21 17:15:40,light rain,21.4022,-157.7394,73.38,73,75,13.8
192,Tres Arroyos,AR,2021-12-21 17:15:41,broken clouds,-38.3739,-60.2798,84.76,30,51,8.55
193,Adrar,MR,2021-12-21 17:15:41,overcast clouds,20.5022,-10.0711,77.97,16,100,10.09
194,Nyurba,RU,2021-12-21 17:15:42,broken clouds,63.2842,118.3319,-51.95,100,65,0.83
195,Sierra Vista,US,2021-12-21 17:15:42,scattered clouds,31.5545,-110.3037,63.01,30,40,0.0
196,Acarau,BR,2021-12-21 17:15:42,broken clouds,-2.8856,-40.12,87.49,58,61,16.75
197,Puerto Escondido,MX,2021-12-21 17:15:43,scattered clouds,15.85,-97.0667,85.03,70,40,4.61
198,Liverpool,GB,2021-12-21 17:12:08,broken clouds,53.4106,-2.9779,40.68,83,75,5.99
199,Dalby,AU,2021-12-21 17:15:43,clear sky,-27.1833,151.2667,71.04,64,7,1.99
200,Airai,TL,2021-12-21 17:07:04,overcast clouds,-8.9266,125.4092,60.66,93,95,0.43
201,Chapais,CA,2021-12-21 17:15:44,overcast clouds,49.7834,-74.8492,4.78,85,100,10.18
202,Vestmanna,FO,2021-12-21 17:15:44,broken clouds,62.1564,-7.1664,32.92,75,63,10.36
203,Owensboro,US,2021-12-21 17:15:45,haze,37.7742,-87.1133,45.63,87,1,3.44
204,Vao,NC,2021-12-21 17:15:45,overcast clouds,-22.6667,167.4833,76.03,82,99,12.62
205,Belmonte,BR,2021-12-21 17:15:46,light rain,-15.8631,-38.8828,79.3,68,93,5.93
206,Bulungu,CD,2021-12-21 17:15:46,light rain,-4.55,18.6,78.13,80,85,1.01
207,Tananger,NO,2021-12-21 17:15:46,broken clouds,58.9333,5.6,38.32,90,75,1.99
208,Aswan,EG,2021-12-21 17:15:47,few clouds,24.0934,32.907,56.14,29,11,11.36
209,Bambanglipuro,ID,2021-12-21 17:15:47,overcast clouds,-7.95,110.2833,77.23,89,100,3.47
210,Salou,ES,2021-12-21 17:15:47,few clouds,41.0766,1.1416,54.28,82,20,2.3
211,Guerrero Negro,MX,2021-12-21 17:10:03,overcast clouds,27.9769,-114.0611,65.86,44,85,5.21
212,Hasaki,JP,2021-12-21 17:08:51,clear sky,35.7333,140.8333,36.0,59,0,7.11
213,Berlevag,NO,2021-12-21 17:15:48,broken clouds,70.8578,29.0864,28.35,80,75,13.8
214,Virginia Beach,US,2021-12-21 17:12:59,overcast clouds,36.8529,-75.978,49.01,78,90,11.5
215,Veraval,IN,2021-12-21 17:15:49,clear sky,20.9,70.3667,70.39,57,5,9.24
216,Atuona,PF,2021-12-21 17:08:58,overcast clouds,-9.8,-139.0333,78.46,76,100,16.84
217,Tosya,TR,2021-12-21 17:15:49,overcast clouds,41.0155,34.0401,24.44,87,94,4.63
218,Bathsheba,BB,2021-12-21 17:15:50,scattered clouds,13.2167,-59.5167,84.81,65,40,21.85
219,Tuktoyaktuk,CA,2021-12-21 17:10:10,light snow,69.4541,-133.0374,3.2,85,75,11.5
220,Lensk,RU,2021-12-21 17:15:50,overcast clouds,60.7253,114.9278,-23.84,98,100,4.9
221,Murwara,IN,2021-12-21 17:15:51,clear sky,23.85,80.4,54.77,25,0,1.74
222,Miracema Do Tocantins,BR,2021-12-21 17:15:51,overcast clouds,-9.5618,-48.3967,83.98,73,100,3.8
223,Talaja,IN,2021-12-21 17:15:52,scattered clouds,21.35,72.05,72.64,26,45,5.14
224,Gornyak,RU,2021-12-21 17:15:52,broken clouds,50.9942,81.4661,11.89,97,69,4.34
225,Kawalu,ID,2021-12-21 17:15:52,overcast clouds,-7.3817,108.2082,72.46,96,100,2.28
226,Sintea Mare,RO,2021-12-21 17:15:53,scattered clouds,46.5167,21.6,29.88,74,31,5.01
227,Torbay,CA,2021-12-21 17:05:27,light snow,47.6666,-52.7314,27.57,82,90,8.05
228,Trofors,NO,2021-12-21 17:15:54,overcast clouds,65.5333,13.4063,31.35,91,95,4.85
229,Manokwari,ID,2021-12-21 17:15:55,heavy intensity rain,-0.8667,134.0833,78.67,83,100,5.06
230,Acolla,PE,2021-12-21 17:16:55,overcast clouds,-11.7319,-75.5463,65.01,39,96,2.66
231,Kalmunai,LK,2021-12-21 17:16:55,scattered clouds,7.4167,81.8167,77.29,83,45,9.8
232,Cache Creek,CA,2021-12-21 17:16:56,overcast clouds,50.8101,-121.3246,5.45,93,96,1.81
233,Coihueco,CL,2021-12-21 17:16:56,clear sky,-36.6167,-71.8333,83.14,17,0,14.97
234,Garowe,SO,2021-12-21 17:16:56,overcast clouds,8.4054,48.4845,78.37,45,100,18.41
235,Nalut,LY,2021-12-21 17:16:57,clear sky,30.3333,10.85,53.92,34,0,5.91
236,Ancud,CL,2021-12-21 17:16:57,clear sky,-41.8697,-73.8203,72.23,62,1,6.15
237,Kerema,PG,2021-12-21 17:16:57,overcast clouds,-7.9631,145.7785,77.74,84,90,3.24
238,Pacific Grove,US,2021-12-21 17:15:36,clear sky,36.6177,-121.9166,55.63,86,1,1.99
239,Wilmington,US,2021-12-21 17:16:42,light rain,34.2257,-77.9447,48.85,82,90,9.22
240,Cherkasskoye,RU,2021-12-21 17:16:58,few clouds,52.4333,47.2167,0.86,98,16,4.72
241,Aloleng,PH,2021-12-21 17:16:58,broken clouds,16.1307,119.7824,79.05,85,52,8.77
242,Bemidji,US,2021-12-21 17:16:59,light snow,47.4736,-94.8803,12.15,83,1,10.36
243,Kukuna,SL,2021-12-21 17:16:59,broken clouds,9.4,-12.6667,94.95,16,53,2.62
244,Hami,CN,2021-12-21 17:16:59,few clouds,42.8,93.45,25.27,50,21,6.73
245,Hobyo,SO,2021-12-21 17:17:00,overcast clouds,5.3505,48.5268,78.03,74,85,18.45
246,Puerto Del Rosario,ES,2021-12-21 17:17:00,few clouds,28.5004,-13.8627,74.95,57,20,9.22
247,Santa Lucia,ES,2021-12-21 17:17:01,few clouds,27.9117,-15.5407,67.32,60,20,10.36
248,Kikwit,CD,2021-12-21 17:17:01,light rain,-5.041,18.8162,76.53,86,98,0.78
249,Takab,IR,2021-12-21 17:17:01,scattered clouds,36.4009,47.1133,28.4,85,36,11.18
250,Manggar,ID,2021-12-21 17:17:02,overcast clouds,-2.8833,108.2667,78.4,83,100,2.82
251,Kenai,US,2021-12-21 17:13:09,few clouds,60.5544,-151.2583,14.02,89,20,3.44
252,Neiafu,TO,2021-12-21 17:17:02,light rain,-18.65,-173.9833,79.48,83,40,0.0
253,Phalodi,IN,2021-12-21 17:17:03,clear sky,27.1333,72.3667,60.71,13,1,2.8
254,Santa Rita,BR,2021-12-21 17:17:03,broken clouds,-7.1139,-34.9781,86.67,66,75,11.5
255,San Policarpo,PH,2021-12-21 17:17:04,scattered clouds,12.1791,125.5072,79.56,81,49,5.32
256,Tura,IN,2021-12-21 17:08:50,overcast clouds,25.5198,90.2201,59.81,63,91,3.4
257,Kaitangata,NZ,2021-12-21 17:17:04,clear sky,-46.2817,169.8464,55.92,60,4,7.67
258,Klaksvik,FO,2021-12-21 17:17:04,broken clouds,62.2266,-6.589,34.72,66,63,10.45
259,Paamiut,GL,2021-12-21 17:17:05,light rain,61.994,-49.6678,33.93,93,100,26.55
260,Carballo,ES,2021-12-21 17:17:05,overcast clouds,43.213,-8.691,63.86,77,97,6.67
261,Tagusao,PH,2021-12-21 17:17:05,scattered clouds,9.1924,117.8141,77.9,84,45,2.8
262,Sarakhs,IR,2021-12-21 17:17:06,scattered clouds,36.5449,61.1577,61.65,50,44,9.26
263,Ponta Delgada,PT,2021-12-21 17:17:06,broken clouds,37.7333,-25.6667,67.5,88,75,19.57
264,Cap-Aux-Meules,CA,2021-12-21 17:10:14,light shower snow,47.3821,-61.8597,30.25,93,90,25.32
265,Cibitoke,BI,2021-12-21 17:17:07,light rain,-2.8833,29.25,65.32,90,100,3.33
266,Voyvozh,RU,2021-12-21 17:17:07,light snow,62.892,54.9635,-0.4,96,100,7.05
267,Karasjok,NO,2021-12-21 17:17:07,overcast clouds,69.4719,25.5112,3.31,100,100,2.13
268,Lagoa,PT,2021-12-21 17:17:07,overcast clouds,39.05,-27.9833,64.08,87,100,36.89
269,Sur,OM,2021-12-21 17:17:08,clear sky,22.5667,59.5289,72.66,68,8,2.15
270,Tombouctou,ML,2021-12-21 17:17:08,overcast clouds,20.0,-3.0,78.35,14,100,7.85
271,Los Llanos De Aridane,ES,2021-12-21 17:17:08,broken clouds,28.6585,-17.9182,64.15,97,75,1.01
272,Victoria,HK,2021-12-21 17:10:15,broken clouds,22.2855,114.1577,64.33,87,81,1.99
273,Gat,IL,2021-12-21 17:14:28,scattered clouds,31.61,34.7642,53.78,100,38,7.81
274,Necochea,AR,2021-12-21 17:17:09,overcast clouds,-38.5473,-58.7368,85.03,38,85,3.09
275,Tadine,NC,2021-12-21 17:18:10,scattered clouds,-21.55,167.8833,77.04,80,36,5.53
276,Richards Bay,ZA,2021-12-21 17:18:10,light rain,-28.783,32.0377,72.16,82,77,12.71
277,Sitka,US,2021-12-21 17:14:46,light snow,57.0531,-135.33,33.69,86,90,8.05
278,Sao Filipe,CV,2021-12-21 17:10:09,overcast clouds,14.8961,-24.4956,75.88,72,100,7.02
279,Tuatapere,NZ,2021-12-21 17:18:10,scattered clouds,-46.1333,167.6833,56.82,76,31,5.03
280,Sorong,ID,2021-12-21 17:18:11,overcast clouds,-0.8833,131.25,80.8,80,100,7.94
281,Korla,CN,2021-12-21 17:18:11,clear sky,41.7597,86.1469,26.01,59,0,1.19
282,Mogok,MM,2021-12-21 17:18:11,clear sky,22.9167,96.5,52.09,81,1,1.92
283,Yen Bai,VN,2021-12-21 17:18:12,clear sky,21.7,104.8667,62.51,74,0,1.57
284,Hofn,IS,2021-12-21 17:18:12,overcast clouds,64.2539,-15.2082,34.09,76,97,4.38
285,Beira,MZ,2021-12-21 17:18:12,broken clouds,-19.8436,34.8389,78.89,78,75,12.66
286,Waingapu,ID,2021-12-21 17:18:13,overcast clouds,-9.6567,120.2641,80.42,86,100,7.29
287,Cherskiy,RU,2021-12-21 17:18:13,overcast clouds,68.75,161.3,-12.69,98,100,11.23
288,Ginda,IN,2021-12-21 17:18:14,clear sky,30.6945,78.4932,39.81,33,1,6.42
289,Inta,RU,2021-12-21 17:18:14,overcast clouds,66.0317,60.1659,-13.7,88,92,4.23
290,Pisco,PE,2021-12-21 17:18:14,overcast clouds,-13.7,-76.2167,72.01,83,91,11.5
291,Ardakan,IR,2021-12-21 17:18:15,overcast clouds,32.31,54.0175,64.78,40,94,3.56
292,Tefe,BR,2021-12-21 17:18:15,moderate rain,-3.3542,-64.7114,80.71,89,75,4.61
293,Nuuk,GL,2021-12-21 17:14:53,broken clouds,64.1835,-51.7216,50.61,29,75,25.32
294,Veszprem,HU,2021-12-21 17:18:16,broken clouds,47.0933,17.9115,33.06,53,60,3.11
295,Gushi,CN,2021-12-21 17:18:16,clear sky,34.6425,109.5843,43.32,38,0,1.14
296,Itoman,JP,2021-12-21 17:18:16,light rain,26.1247,127.6694,65.17,84,75,6.91
297,Lingao,CN,2021-12-21 17:18:17,clear sky,19.9103,109.6859,64.06,82,4,0.74
298,Revda,RU,2021-12-21 17:18:17,overcast clouds,56.801,59.9303,27.41,98,100,3.51
299,Kalush,UA,2021-12-21 17:18:17,few clouds,49.0119,24.3731,17.55,93,22,6.31
300,Santa Isabel Do Rio Negro,BR,2021-12-21 17:18:18,light rain,-0.4139,-65.0192,90.0,56,100,4.0
301,Skelleftea,SE,2021-12-21 17:18:18,clear sky,64.7507,20.9528,1.99,65,0,5.75
302,Klin,RU,2021-12-21 17:18:18,overcast clouds,56.3333,36.7333,-1.68,96,100,6.04
303,La Oroya,PE,2021-12-21 17:18:19,overcast clouds,-11.5189,-75.8994,60.73,41,96,6.38
304,Bilma,NE,2021-12-21 17:18:19,clear sky,18.6853,12.9164,66.25,20,4,8.63
305,Tezu,IN,2021-12-21 17:18:20,clear sky,27.9167,96.1667,59.05,46,5,4.32
306,Cam Ranh,VN,2021-12-21 17:18:20,broken clouds,11.9214,109.1591,73.36,83,75,10.36
307,Mosetse,BW,2021-12-21 17:18:20,overcast clouds,-20.75,26.65,76.51,60,95,9.8
308,Mukhen,RU,2021-12-21 17:18:21,overcast clouds,48.1,136.1,-4.94,99,100,2.77
309,Hazorasp,UZ,2021-12-21 17:18:21,overcast clouds,41.3194,61.0742,51.64,60,86,13.09
310,Plouzane,FR,2021-12-21 17:18:21,clear sky,48.3833,-4.6167,41.32,81,0,4.61
311,Obigarm,TJ,2021-12-21 17:18:22,overcast clouds,38.7173,69.7088,41.0,42,100,6.82
312,Hay River,CA,2021-12-21 17:15:07,light snow,60.8156,-115.7999,-9.44,77,75,11.5
313,Sumenep,ID,2021-12-21 17:18:22,overcast clouds,-7.0167,113.8667,78.96,85,100,4.47
314,Sambava,MG,2021-12-21 17:18:22,overcast clouds,-14.2667,50.1667,80.22,82,89,2.62
315,Beringovskiy,RU,2021-12-21 17:18:23,broken clouds,63.05,179.3167,-2.87,93,65,6.22
316,Kerouane,GN,2021-12-21 17:18:23,few clouds,9.2667,-9.0167,89.51,16,15,5.88
317,Andros Town,BS,2021-12-21 17:18:24,clear sky,24.7,-77.7667,80.56,59,8,14.18
318,Cortland,US,2021-12-21 17:15:34,broken clouds,42.6001,-76.083,38.79,73,75,3.44
319,Parrita,CR,2021-12-21 17:18:24,light rain,9.5201,-84.3225,88.05,67,100,4.32
320,Mana,GF,2021-12-21 17:18:25,broken clouds,5.6592,-53.7767,82.54,78,52,8.63
321,Twin Falls,US,2021-12-21 17:19:25,clear sky,42.3505,-114.6445,37.74,33,1,4.61
322,Hambantota,LK,2021-12-21 17:19:25,few clouds,6.1241,81.1185,76.78,87,18,10.8
323,Saldanha,ZA,2021-12-21 17:09:59,scattered clouds,-33.0117,17.9442,69.3,76,28,13.13
324,Alta Floresta,BR,2021-12-21 17:19:26,scattered clouds,-9.8756,-56.0861,87.62,70,40,3.44
325,Salsomaggiore Terme,IT,2021-12-21 17:19:27,overcast clouds,44.8148,9.9796,41.32,95,100,0.92
326,Swellendam,ZA,2021-12-21 17:19:27,clear sky,-34.0226,20.4417,66.58,59,9,11.34
327,Fairbanks,US,2021-12-21 17:17:02,clear sky,64.8378,-147.7164,19.74,78,1,14.97
328,Brattvag,NO,2021-12-21 17:19:27,scattered clouds,62.6002,6.4434,40.66,65,40,13.8
329,Puxinana,BR,2021-12-21 17:19:28,broken clouds,-7.1611,-35.9606,83.98,51,75,17.27
330,Anadyr,RU,2021-12-21 17:19:28,clear sky,64.75,177.4833,-12.5,64,0,13.42
331,Haines Junction,CA,2021-12-21 17:19:29,light snow,60.7522,-137.5108,15.75,92,100,1.14
332,Tubuala,PA,2021-12-21 17:19:29,overcast clouds,9.5167,-79.0333,89.56,73,100,5.79
333,Buin,CL,2021-12-21 17:19:30,clear sky,-33.7333,-70.75,89.06,15,0,9.53
334,Santa Cruz,BO,2021-12-21 17:18:22,light rain,-17.8,-63.1667,82.45,74,75,2.3
335,Broome,US,2021-12-21 17:19:30,scattered clouds,42.2506,-75.833,40.32,66,40,1.01
336,Saint-Pierre,RE,2021-12-21 17:19:30,light rain,-21.3393,55.4781,78.48,75,0,17.27
337,Tarakan,ID,2021-12-21 17:19:31,scattered clouds,3.3,117.6333,78.3,94,40,2.3
338,Wuzhou,CN,2021-12-21 17:19:31,scattered clouds,23.4833,111.3167,54.41,92,25,1.63
339,Honiara,SB,2021-12-21 17:19:32,overcast clouds,-9.4333,159.95,77.81,87,100,3.22
340,Damietta,EG,2021-12-21 17:19:32,few clouds,31.4165,31.8133,58.17,82,19,14.05
341,Chipata,ZM,2021-12-21 17:19:32,broken clouds,-13.6333,32.65,69.91,82,72,5.14
342,Livadiya,RU,2021-12-21 17:19:33,few clouds,42.8692,132.6764,9.39,63,11,15.73
343,Karaton,ID,2021-12-21 17:19:33,overcast clouds,-6.3424,106.1045,75.36,92,99,0.85
344,Mujiayingzi,CN,2021-12-21 17:19:33,scattered clouds,42.1167,118.7833,17.49,61,34,3.02
345,Athabasca,CA,2021-12-21 17:15:07,broken clouds,54.7169,-113.2854,15.62,88,82,7.36
346,Nacala,MZ,2021-12-21 17:19:34,broken clouds,-14.5428,40.6728,78.69,76,58,8.05
347,Margate,GB,2021-12-21 17:10:08,broken clouds,51.3813,1.3862,41.7,68,55,1.01
348,Deputatskiy,RU,2021-12-21 17:19:35,overcast clouds,69.3,139.9,-20.29,86,100,4.85
349,Barra Patuca,HN,2021-12-21 17:19:35,clear sky,15.8,-84.2833,82.71,64,4,1.63
350,Banjar,ID,2021-12-21 17:19:36,overcast clouds,-8.19,114.9675,84.06,89,100,5.3
351,Gwadar,PK,2021-12-21 17:19:36,broken clouds,25.1216,62.3254,73.54,77,58,13.22
352,Turkan,AZ,2021-12-21 17:19:36,broken clouds,40.3639,50.215,46.58,87,75,20.71
353,Rio De Janeiro,BR,2021-12-21 17:15:43,few clouds,-22.9028,-43.2075,91.35,60,20,11.5
354,Jacareacanga,BR,2021-12-21 17:19:37,scattered clouds,-6.2222,-57.7528,91.71,66,40,1.14
355,Eureka,US,2021-12-21 17:19:37,overcast clouds,40.8021,-124.1637,51.19,87,100,5.35
356,Cayenne,GF,2021-12-21 17:19:38,broken clouds,4.9333,-52.3333,86.04,82,75,7.0
357,Erenhot,CN,2021-12-21 17:19:38,scattered clouds,43.6475,111.9767,18.66,61,34,7.11
358,Saint-Augustin,CA,2021-12-21 17:19:38,light snow,51.226,-58.6502,15.94,92,100,12.64
359,Kidal,ML,2021-12-21 17:19:39,broken clouds,18.4411,1.4078,75.11,12,79,13.06
360,Kahului,US,2021-12-21 17:05:10,light rain,20.8947,-156.47,70.86,88,90,11.5
361,Thessalon,CA,2021-12-21 17:19:39,overcast clouds,46.2501,-83.5666,25.09,82,100,12.62
362,Taganak,PH,2021-12-21 17:19:39,overcast clouds,6.0833,118.3,82.54,76,89,9.82
363,Moyamba,SL,2021-12-21 17:19:40,scattered clouds,8.1667,-12.4333,91.27,25,30,1.05
364,Ranau,MY,2021-12-21 17:19:40,overcast clouds,5.9538,116.6641,72.25,94,100,0.74
365,Humberto De Campos,BR,2021-12-21 17:19:41,overcast clouds,-2.5983,-43.4611,90.77,46,87,13.24
366,Opuwo,NA,2021-12-21 17:17:55,clear sky,-18.0607,13.84,89.19,18,6,19.93
367,Saint-Raphael,HT,2021-12-21 17:20:41,few clouds,19.4333,-72.2,84.65,50,17,1.54
368,Newport,GB,2021-12-21 17:20:42,broken clouds,51.5877,-2.9984,41.86,79,64,5.88
369,Tevriz,RU,2021-12-21 17:20:42,overcast clouds,57.509,72.4042,19.85,93,99,6.69
370,Severnoye,RU,2021-12-21 17:20:42,overcast clouds,56.3491,78.3619,6.28,97,86,6.71
371,Alto Araguaia,BR,2021-12-21 17:20:26,overcast clouds,-17.3147,-53.2153,81.37,73,93,4.65
372,Dawlatabad,AF,2021-12-21 17:20:43,overcast clouds,36.4141,64.9053,56.3,66,100,5.03
373,Niigata,JP,2021-12-21 17:20:43,overcast clouds,37.9022,139.0236,41.92,68,100,23.22
374,Altamont,US,2021-12-21 17:20:43,clear sky,42.2068,-121.7372,28.24,86,1,3.44
375,Ntoum,GA,2021-12-21 17:17:17,light rain,0.3833,9.7833,81.59,78,79,7.07
376,Salisbury,GB,2021-12-21 17:19:40,few clouds,51.0693,-1.7957,42.96,76,20,4.61
377,Mingaora,PK,2021-12-21 17:20:44,scattered clouds,34.7758,72.3625,47.95,28,41,7.43
378,Carutapera,BR,2021-12-21 17:20:44,light rain,-1.195,-46.02,88.99,54,34,11.61
379,Sorland,NO,2021-12-21 17:20:45,scattered clouds,67.667,12.6934,33.66,66,50,15.01
380,Karasburg,NA,2021-12-21 17:20:45,overcast clouds,-28.0167,18.75,70.79,59,96,5.79
381,San Jose,US,2021-12-21 17:20:41,mist,37.3394,-121.895,53.42,80,40,0.0
382,Nova Olimpia,BR,2021-12-21 17:20:45,overcast clouds,-14.7972,-57.2881,82.71,79,99,3.96
383,Bestobe,KZ,2021-12-21 17:20:46,overcast clouds,52.4994,73.0975,19.63,89,87,10.31
384,Yinchuan,CN,2021-12-21 17:20:46,broken clouds,38.4681,106.2731,32.54,23,53,3.38
385,Dongsheng,CN,2021-12-21 17:20:46,clear sky,39.8161,109.9776,24.39,44,8,10.8
386,Lavrentiya,RU,2021-12-21 17:20:47,few clouds,65.5833,-171.0,-2.9,79,12,7.2
387,Inuvik,CA,2021-12-21 17:20:47,light snow,68.3499,-133.7218,14.04,92,90,6.91
388,Burnie,AU,2021-12-21 17:20:48,few clouds,-41.0667,145.9167,53.94,72,23,13.13
389,Amiens,FR,2021-12-21 17:20:48,few clouds,49.9,2.3,34.45,71,11,5.95
390,Nampula,MZ,2021-12-21 17:20:48,broken clouds,-15.1165,39.2666,80.55,74,75,9.22
391,Bahar,IR,2021-12-21 17:20:49,clear sky,34.9072,48.4414,36.48,51,3,14.76
392,Tautira,PF,2021-12-21 17:20:49,overcast clouds,-17.7333,-149.15,80.62,73,97,7.61
393,Poum,NC,2021-12-21 17:20:49,clear sky,-20.2333,164.0167,79.95,77,1,7.49
394,Konza,KE,2021-12-21 17:20:50,overcast clouds,-1.7426,37.1294,60.94,97,99,5.86
395,Morant Bay,JM,2021-12-21 17:20:50,scattered clouds,17.8815,-76.4093,85.62,70,42,8.03
396,Lashio,MM,2021-12-21 17:20:50,clear sky,22.9333,97.75,52.14,85,0,1.03
397,Fort Nelson,CA,2021-12-21 17:20:51,broken clouds,58.8053,-122.7002,-2.61,78,75,3.44
398,Kadhan,PK,2021-12-21 17:20:51,clear sky,24.481,68.9859,71.4,77,0,8.48
399,Vanimo,PG,2021-12-21 17:20:20,overcast clouds,-2.6741,141.3028,78.51,88,93,8.16
400,Havre-Saint-Pierre,CA,2021-12-21 17:20:52,light snow,50.2334,-63.5986,27.19,86,90,4.61
401,Bingol,TR,2021-12-21 17:20:52,overcast clouds,38.8847,40.4939,27.5,93,100,3.36
402,Gigmoto,PH,2021-12-21 17:20:52,overcast clouds,13.7796,124.39,78.73,89,94,5.99
403,Evans,US,2021-12-21 17:20:46,overcast clouds,33.5337,-82.1307,46.6,60,90,5.99
404,Rochelle,FR,2021-12-21 17:20:53,overcast clouds,46.25,-1.0,35.69,87,85,11.5
405,Mount Gambier,AU,2021-12-21 17:20:53,broken clouds,-37.8333,140.7667,53.04,83,69,4.52
406,Mayo,US,2021-12-21 17:20:53,clear sky,38.8876,-76.5119,42.98,65,1,4.0
407,Santarem,BR,2021-12-21 17:20:54,scattered clouds,-2.4431,-54.7083,87.93,70,40,16.11
408,Rocky Mountain House,CA,2021-12-21 17:20:54,overcast clouds,52.3668,-114.9188,18.82,79,100,2.3
409,Alexandria,EG,2021-12-21 17:18:40,few clouds,31.2156,29.9553,60.55,70,11,14.52
410,Staryy Nadym,RU,2021-12-21 17:20:55,overcast clouds,65.6118,72.6842,-4.14,97,100,10.49
411,Kourou,GF,2021-12-21 17:20:55,moderate rain,5.1552,-52.6478,86.05,76,83,8.01
412,San Vicente,AR,2021-12-21 17:20:55,scattered clouds,-26.6167,-54.1333,95.27,23,27,5.84
413,Port Augusta,AU,2021-12-21 17:19:21,broken clouds,-32.5,137.7667,64.54,63,53,14.74
414,Xingyi,CN,2021-12-21 17:21:56,clear sky,24.1877,102.817,43.0,88,0,0.58
415,Codrington,AU,2021-12-21 17:21:56,broken clouds,-38.2667,141.9667,57.83,70,68,8.86
416,Tiznit,MA,2021-12-21 17:21:57,overcast clouds,29.5833,-9.5,66.42,48,98,1.54
417,Auki,SB,2021-12-21 17:21:57,overcast clouds,-8.7676,160.7034,78.28,87,100,3.56
418,Kitimat,CA,2021-12-21 17:20:54,overcast clouds,54.0524,-128.6534,10.78,93,100,2.77
419,Maneadero,MX,2021-12-21 17:21:57,overcast clouds,31.7167,-116.5667,59.11,65,100,7.0
420,Shitanjing,CN,2021-12-21 17:21:58,clear sky,39.2342,106.3439,30.31,33,3,12.8
421,Panjakent,TJ,2021-12-21 17:21:58,overcast clouds,39.4952,67.6093,49.8,48,100,11.61
422,Nara,JP,2021-12-21 17:21:59,clear sky,34.6851,135.8049,48.7,77,3,2.62
423,Mehamn,NO,2021-12-21 17:21:59,overcast clouds,71.0357,27.8492,28.31,79,100,6.96
424,Lasa,IT,2021-12-21 17:21:59,clear sky,46.6166,10.7002,31.08,61,4,2.95
425,Jeremie,HT,2021-12-21 17:22:00,broken clouds,18.65,-74.1167,82.67,64,74,2.77
426,Bandiagara,ML,2021-12-21 17:22:00,scattered clouds,14.3501,-3.6104,83.7,11,41,11.07
427,Zhigalovo,RU,2021-12-21 17:22:00,few clouds,54.8097,105.1578,-33.38,100,14,0.83
428,Aranos,NA,2021-12-21 17:22:01,light rain,-24.1333,19.1167,74.32,50,62,19.64
429,Roald,NO,2021-12-21 17:22:01,scattered clouds,62.5833,6.1333,41.14,65,40,13.8
430,Tecoanapa,MX,2021-12-21 17:22:01,scattered clouds,16.5167,-98.75,85.57,57,36,1.72
431,Male,MV,2021-12-21 17:22:02,broken clouds,4.1748,73.5089,82.49,72,80,11.74
432,Trollhattan,SE,2021-12-21 17:22:02,overcast clouds,58.2333,12.4167,29.48,86,90,3.44
433,Lakatoro,VU,2021-12-21 17:22:03,scattered clouds,-16.0999,167.4164,79.9,79,49,0.47
434,Grindavik,IS,2021-12-21 17:22:03,broken clouds,63.8424,-22.4338,37.87,93,75,6.91
435,Komsomolskiy,UZ,2021-12-21 17:22:03,mist,40.4272,71.7189,38.62,70,93,4.61
436,Bilibino,RU,2021-12-21 17:22:04,overcast clouds,68.0546,166.4372,-26.7,100,100,1.14
437,Tupik,RU,2021-12-21 17:22:04,scattered clouds,54.4253,119.9327,-29.24,97,40,1.68
438,Linxia,CN,2021-12-21 17:22:04,clear sky,35.6003,103.2064,29.64,28,0,1.34
439,Penzance,GB,2021-12-21 17:22:05,few clouds,50.1186,-5.5371,48.27,87,20,28.77
440,Zhigansk,RU,2021-12-21 17:22:05,broken clouds,66.7697,123.3711,-54.27,99,74,4.29
441,Letlhakeng,BW,2021-12-21 17:22:05,overcast clouds,-24.0944,25.0298,81.66,33,100,10.18
442,Napoleon,US,2021-12-21 17:22:06,few clouds,41.3923,-84.1252,41.58,62,11,11.48
443,Shikhazany,RU,2021-12-21 17:22:06,overcast clouds,55.5605,47.393,3.83,96,87,6.33
444,Marawi,PH,2021-12-21 17:22:07,overcast clouds,7.9986,124.2928,65.64,90,90,0.78
445,Bafq,IR,2021-12-21 17:22:07,overcast clouds,31.6128,55.4107,65.97,42,97,13.78
446,Aykhal,RU,2021-12-21 17:22:07,overcast clouds,66.0,111.5,-18.53,100,99,4.85
447,Kemijarvi,FI,2021-12-21 17:22:08,broken clouds,66.7131,27.4306,4.42,98,72,3.44
448,Rognan,NO,2021-12-21 17:22:08,clear sky,67.0953,15.3878,23.88,85,6,10.31
449,Half Moon Bay,US,2021-12-21 17:22:08,few clouds,37.4636,-122.4286,52.86,85,20,0.0
450,Singaraja,ID,2021-12-21 17:22:09,overcast clouds,-8.112,115.0882,78.89,81,100,5.93
451,Tutoia,BR,2021-12-21 17:22:09,broken clouds,-2.7619,-42.2744,87.78,63,80,14.56
452,Sheridan,US,2021-12-21 17:22:09,clear sky,44.8333,-106.9173,40.32,77,1,1.99
453,Mariental,NA,2021-12-21 17:22:10,broken clouds,-24.6333,17.9667,79.3,45,68,22.26
454,Asau,RO,2021-12-21 17:19:07,overcast clouds,46.4333,26.4,22.75,87,91,1.25
455,Prince Rupert,CA,2021-12-21 17:22:10,light snow,54.3161,-130.3201,33.49,79,90,10.36
456,Palana,RU,2021-12-21 17:22:11,overcast clouds,59.1167,159.9667,4.86,87,93,9.01
457,Bethal,ZA,2021-12-21 17:22:11,broken clouds,-26.4579,29.4655,67.55,72,64,3.58
458,Tonj,SS,2021-12-21 17:22:11,broken clouds,7.2737,28.6822,80.82,24,54,4.45
459,Santiago,CL,2021-12-21 17:20:00,clear sky,-33.4569,-70.6483,90.28,23,0,8.05
460,Inirida,CO,2021-12-21 17:22:12,light rain,3.8653,-67.9239,89.51,61,99,1.43
461,Port Keats,AU,2021-12-21 17:23:12,overcast clouds,-14.25,129.55,82.56,80,95,6.67
462,Young,UY,2021-12-21 17:23:12,broken clouds,-32.6833,-57.6333,94.28,31,53,10.0
463,Sisimiut,GL,2021-12-21 17:23:13,broken clouds,66.9395,-53.6735,36.14,60,83,18.95
464,Waddan,LY,2021-12-21 17:23:13,clear sky,29.1614,16.139,54.5,32,0,3.44
465,Kihei,US,2021-12-21 17:23:13,light rain,20.785,-156.4656,70.86,88,90,11.5
466,Hokitika,NZ,2021-12-21 17:23:14,broken clouds,-42.7167,170.9667,59.16,90,64,8.37
467,High Level,CA,2021-12-21 17:23:14,scattered clouds,58.5169,-117.136,-0.29,92,40,4.61
468,Rock Sound,BS,2021-12-21 17:23:15,few clouds,24.9,-76.2,78.93,78,12,17.87
469,Biharia,RO,2021-12-21 17:18:16,clear sky,47.15,21.9167,28.17,80,0,8.05
470,Nea Alikarnassos,GR,2021-12-21 17:23:16,broken clouds,35.3333,25.1667,55.62,82,75,11.5
471,Amapa,BR,2021-12-21 17:23:16,broken clouds,1.0,-52.0,84.61,67,61,3.13
472,Erzin,TR,2021-12-21 17:23:17,clear sky,36.9559,36.2,48.92,66,3,2.66
473,Nogliki,RU,2021-12-21 17:23:17,overcast clouds,51.8333,143.1667,3.0,92,100,15.35
474,Santa Catarina,BR,2021-12-21 17:19:01,few clouds,-27.0,-50.0,90.09,54,20,1.25
475,Zeya,RU,2021-12-21 17:23:17,clear sky,53.75,127.2667,-20.45,82,10,3.42
476,Saint-Georges,GD,2021-12-21 17:22:27,scattered clouds,12.0564,-61.7485,85.68,70,40,21.85
477,Katsuura,JP,2021-12-21 17:19:10,clear sky,35.1333,140.3,44.71,68,0,6.98
478,Tucurui,BR,2021-12-21 17:23:18,overcast clouds,-3.7661,-49.6725,88.57,61,89,3.51
479,Biograd Na Moru,HR,2021-12-21 17:23:18,scattered clouds,43.9433,15.4519,44.76,44,31,5.64
480,Shumikha,RU,2021-12-21 17:23:19,snow,55.2261,63.2961,31.26,98,100,15.46
481,Belyy Yar,RU,2021-12-21 17:23:19,smoke,53.6039,91.3903,16.86,86,40,2.24
482,Tevaitoa,PF,2021-12-21 17:23:19,overcast clouds,-16.7833,-151.5,78.64,77,85,8.84
483,Creston,US,2021-12-21 17:23:20,clear sky,41.0586,-94.3614,33.08,64,1,19.57
484,Mogadishu,SO,2021-12-21 17:23:20,overcast clouds,2.0371,45.3438,79.43,82,96,20.54
485,Tessalit,ML,2021-12-21 17:23:21,overcast clouds,20.1986,1.0114,76.48,14,96,11.52
486,Vila Franca Do Campo,PT,2021-12-21 17:23:21,overcast clouds,37.7167,-25.4333,67.19,92,100,19.15
487,Port-Gentil,GA,2021-12-21 17:23:21,broken clouds,-0.7193,8.7815,82.36,83,75,9.22
488,Teguise,ES,2021-12-21 17:23:22,few clouds,29.0605,-13.564,70.02,53,20,10.36
489,Sobolevo,RU,2021-12-21 17:23:22,overcast clouds,54.4299,31.8996,10.54,86,100,11.21
490,Lakes Entrance,AU,2021-12-21 17:23:22,scattered clouds,-37.8811,147.981,60.57,91,33,7.9
491,Wanlaweyn,SO,2021-12-21 17:23:23,overcast clouds,2.6185,44.8938,79.61,70,100,18.39
492,Labrea,BR,2021-12-21 17:23:23,overcast clouds,-7.2586,-64.7981,81.37,83,100,3.24
493,Steamboat Springs,US,2021-12-21 17:23:23,clear sky,40.485,-106.8317,38.91,59,1,0.0
494,Kaoma,ZM,2021-12-21 17:23:24,overcast clouds,-14.7833,24.8,68.85,92,100,4.56
495,Kamenka,RU,2021-12-21 17:19:08,scattered clouds,51.3223,42.7678,2.07,95,47,3.58
496,Lata,PT,2021-12-21 17:23:24,broken clouds,40.1629,-8.3327,62.08,84,67,9.89
497,Talcahuano,CL,2021-12-21 17:23:24,clear sky,-36.7167,-73.1167,73.08,46,0,13.8
498,Zhovtneve,UA,2021-12-21 17:23:25,clear sky,50.6637,24.2492,20.1,63,3,11.81
499,Sinnamary,GF,2021-12-21 17:23:25,overcast clouds,5.3833,-52.95,81.7,82,86,8.59
500,Buala,SB,2021-12-21 17:23:25,overcast clouds,-8.145,159.5921,79.75,81,100,1.66
501,Fraga,ES,2021-12-21 17:23:26,overcast clouds,41.5229,0.3489,40.03,67,94,1.7
502,Phalombe,MW,2021-12-21 17:23:26,moderate rain,-15.8064,35.6507,70.23,94,92,4.61
503,Vostok,RU,2021-12-21 17:21:36,overcast clouds,46.4856,135.8833,-7.67,99,100,4.38
504,Kampene,CD,2021-12-21 17:23:26,moderate rain,-3.6,26.6667,70.86,98,100,2.35
505,Zalegoshch,RU,2021-12-21 17:23:27,broken clouds,52.9008,36.8869,-2.54,96,56,5.37
506,Berdigestyakh,RU,2021-12-21 17:23:27,broken clouds,62.0989,126.6992,-38.54,98,81,0.76
507,Ambovombe,MG,2021-12-21 17:23:28,broken clouds,-25.1667,46.0833,71.13,87,81,21.36
508,Edd,ER,2021-12-21 17:23:28,broken clouds,13.9297,41.6925,80.06,75,55,5.86
509,Malartic,CA,2021-12-21 17:24:28,broken clouds,48.1335,-78.1328,7.02,76,76,3.85
510,Nome,US,2021-12-21 17:24:29,scattered clouds,64.5011,-165.4064,-4.94,100,43,2.64
511,Puerto Lopez,CO,2021-12-21 17:24:29,broken clouds,4.0845,-72.956,94.14,37,71,9.82
512,Palmer,US,2021-12-21 17:20:22,broken clouds,42.1584,-72.3287,42.28,54,75,1.01
513,Atar,MR,2021-12-21 17:24:30,overcast clouds,20.5169,-13.0499,81.61,22,100,8.59
514,Kolyvan,RU,2021-12-21 17:24:30,overcast clouds,55.3053,82.7391,1.8,100,100,2.84
515,Alakurtti,RU,2021-12-21 17:24:30,broken clouds,66.9672,30.3491,3.31,99,82,4.99
516,Dayong,CN,2021-12-21 17:24:31,overcast clouds,25.0209,118.2898,60.48,94,98,2.24
517,Natal,BR,2021-12-21 17:24:04,broken clouds,-5.795,-35.2094,86.65,66,75,12.66
518,Suffolk,US,2021-12-21 17:24:31,clear sky,40.8668,-72.7996,42.04,64,1,3.0
519,Morondava,MG,2021-12-21 17:24:32,clear sky,-20.2833,44.2833,81.01,74,4,14.41
520,Binga,ZW,2021-12-21 17:24:32,light rain,-17.6203,27.3414,76.53,72,92,4.52
521,Muros,ES,2021-12-21 17:24:32,overcast clouds,42.7762,-9.0603,64.09,79,100,11.07
522,Guaraniacu,BR,2021-12-21 17:24:33,broken clouds,-25.1008,-52.8781,88.66,41,76,4.23
523,Amahai,ID,2021-12-21 17:24:34,heavy intensity rain,-3.3333,128.9167,78.93,83,100,5.82
524,Graham,US,2021-12-21 17:24:34,fog,47.0529,-122.2943,35.98,96,90,0.0
525,Severo-Kurilsk,RU,2021-12-21 17:24:34,clear sky,50.6789,156.125,22.78,71,9,11.21
526,Grand Island,US,2021-12-21 17:24:35,clear sky,40.925,-98.342,40.78,59,1,5.01
527,Kingaroy,AU,2021-12-21 17:24:35,overcast clouds,-26.5333,151.8333,66.24,94,90,0.0
528,San Felipe,VE,2021-12-21 17:24:36,overcast clouds,10.3399,-68.7425,83.32,67,91,7.18
529,Phra Phutthabat,TH,2021-12-21 17:24:36,scattered clouds,14.7253,100.7954,74.82,57,26,3.42
530,Elbrus,RU,2021-12-21 17:24:36,snow,43.2577,42.6443,17.89,97,100,6.89
531,Martapura,ID,2021-12-21 17:24:36,overcast clouds,-3.4167,114.85,77.09,94,90,1.14
532,Bonavista,CA,2021-12-21 17:24:37,light snow,48.6499,-53.1147,27.12,89,100,10.96
533,Sayyan,YE,2021-12-21 17:24:37,few clouds,15.1718,44.3244,56.98,43,12,2.21
534,Aksarka,RU,2021-12-21 17:24:37,overcast clouds,66.5606,67.7975,-13.83,99,97,3.38
535,Conakry,GN,2021-12-21 17:24:38,haze,9.538,-13.6773,87.87,48,75,6.91
536,Puerto Colombia,CO,2021-12-21 17:24:38,broken clouds,10.9878,-74.9547,86.09,76,67,12.3
537,Wagar,SD,2021-12-21 17:24:38,overcast clouds,16.1525,36.2032,74.64,65,92,19.98
538,Saint-Francois,FR,2021-12-21 17:24:39,broken clouds,46.4154,3.9054,31.68,90,75,5.75
539,Kadoma,JP,2021-12-21 17:24:39,clear sky,34.7333,135.5833,49.39,77,2,2.15
540,Vangaindrano,MG,2021-12-21 17:24:40,moderate rain,-23.35,47.6,72.91,92,100,7.58
541,Rapid Valley,US,2021-12-21 17:24:40,clear sky,44.0625,-103.1463,41.04,49,1,10.36
542,Inca,ES,2021-12-21 17:24:40,overcast clouds,39.7211,2.9109,58.93,80,99,1.34
543,Asyut,EG,2021-12-21 17:22:42,clear sky,27.181,31.1837,54.73,49,7,5.12
544,Teya,RU,2021-12-21 17:24:41,scattered clouds,60.3778,92.6267,-25.4,98,34,1.34
545,Lodja,CD,2021-12-21 17:24:41,moderate rain,-3.4833,23.4333,73.44,93,89,3.15
546,Ust-Kuyga,RU,2021-12-21 17:24:42,overcast clouds,70.0167,135.6,-34.94,93,85,7.94
547,Ewa Beach,US,2021-12-21 17:24:30,light rain,21.3156,-158.0072,73.35,72,90,15.01
548,Bayan,CN,2021-12-21 17:24:42,clear sky,46.0833,127.4,-13.88,96,6,3.27
549,Balakovo,RU,2021-12-21 17:24:43,clear sky,52.0278,47.8007,7.09,91,10,7.16
550,Henties Bay,NA,2021-12-21 17:24:43,clear sky,-22.116,14.2845,67.86,81,1,9.01
551,Corinto,GR,2021-12-21 17:24:23,overcast clouds,37.9407,22.9573,51.89,69,100,3.87
552,Cozumel,MX,2021-12-21 17:24:43,scattered clouds,20.5083,-86.9458,80.67,75,40,11.5
553,Voh,NC,2021-12-21 17:24:44,clear sky,-20.9667,164.7,75.52,90,4,3.15
554,Hondo,JP,2021-12-21 17:24:44,broken clouds,32.45,130.2,49.95,63,51,6.69
555,Turukhansk,RU,2021-12-21 17:25:44,overcast clouds,65.8167,87.9833,-18.33,86,86,6.98
556,Phillipsburg,US,2021-12-21 17:25:45,overcast clouds,40.6937,-75.1902,41.97,66,100,1.01
557,Metro,ID,2021-12-21 17:25:45,overcast clouds,-5.1131,105.3067,75.07,93,100,2.13
558,Matveyev Kurgan,RU,2021-12-21 17:25:45,broken clouds,47.5645,38.8695,26.92,80,73,14.16
559,Abu Dhabi,AE,2021-12-21 17:25:46,clear sky,24.4667,54.3667,75.22,72,0,4.61
560,Chateauroux,FR,2021-12-21 17:25:46,overcast clouds,46.8167,1.7,32.0,86,90,12.66
561,Te Anau,NZ,2021-12-21 17:25:46,broken clouds,-45.4167,167.7167,54.19,80,59,7.94
562,Mitu,CO,2021-12-21 17:25:47,overcast clouds,1.1983,-70.1733,81.1,89,100,2.91
563,Jinchang,CN,2021-12-21 17:25:47,clear sky,38.4953,102.1739,28.62,25,3,4.07
564,Urumqi,CN,2021-12-21 17:25:47,mist,43.801,87.6005,9.55,85,82,0.0
565,Haradok,BY,2021-12-21 17:25:48,overcast clouds,55.4624,29.9816,8.71,84,100,8.59
566,Toora-Khem,RU,2021-12-21 17:25:48,overcast clouds,52.4675,96.11,12.42,98,100,2.75
567,Lulea,SE,2021-12-21 17:25:49,clear sky,65.5842,22.1547,-0.33,92,0,4.61
568,The Pas,CA,2021-12-21 17:25:49,light snow,53.8251,-101.2541,-0.38,85,90,3.44
569,Hvittingfoss,NO,2021-12-21 17:25:49,light snow,59.4833,10.0167,31.86,53,100,4.23
570,Manuk Mangkaw,PH,2021-12-21 17:25:51,overcast clouds,4.8,119.85,82.17,70,94,3.36
571,Aanekoski,FI,2021-12-21 17:25:51,few clouds,62.6946,25.818,6.67,95,16,5.48
572,George Town,MY,2021-12-21 17:21:11,scattered clouds,5.4112,100.3354,78.75,94,40,2.3
573,Russell,US,2021-12-21 17:25:51,overcast clouds,32.3502,-85.1999,42.39,89,100,6.91
574,Muisne,EC,2021-12-21 17:25:52,overcast clouds,0.6,-80.0333,80.71,87,100,10.51
575,Hovd,MN,2021-12-21 17:25:52,overcast clouds,48.0056,91.6419,16.9,76,99,4.5
576,Siyabuswa,ZA,2021-12-21 17:25:52,broken clouds,-25.1132,29.0445,78.42,42,73,1.66
577,Shieli,KZ,2021-12-21 17:25:53,overcast clouds,44.1667,66.75,53.37,33,100,17.63
578,Gisborne,NZ,2021-12-21 17:24:04,broken clouds,-38.6533,178.0042,63.95,69,53,9.24
579,Pampas,PE,2021-12-21 17:25:53,overcast clouds,-12.4,-74.9,64.89,49,98,6.24
580,Kostyantynivka,UA,2021-12-21 17:25:54,light snow,48.5277,37.7069,23.07,88,100,8.9
581,Macheng,CN,2021-12-21 17:25:54,clear sky,31.1783,115.0319,49.53,49,0,2.37
582,Verin,ES,2021-12-21 17:25:54,overcast clouds,41.9415,-7.4381,57.56,95,100,5.88
583,Ust-Maya,RU,2021-12-21 17:25:55,overcast clouds,60.4167,134.5333,-35.03,100,100,0.27
584,Ilebo,CD,2021-12-21 17:25:55,overcast clouds,-4.3167,20.5833,79.56,75,100,0.6
585,Vengerovo,RU,2021-12-21 17:25:55,overcast clouds,55.6848,76.7471,8.1,96,88,7.49
586,Shahr-E Babak,IR,2021-12-21 17:25:56,broken clouds,30.1165,55.1186,50.27,66,76,9.98
587,Sahuaripa,MX,2021-12-21 17:25:56,few clouds,29.05,-109.2333,67.42,16,24,1.77
588,Onufriyivka,UA,2021-12-21 17:25:57,overcast clouds,48.9072,33.4487,18.39,64,100,13.69
589,Barra Do Corda,BR,2021-12-21 17:25:57,light rain,-5.5,-45.25,84.06,78,100,2.3
590,Falam,MM,2021-12-21 17:25:57,broken clouds,22.9167,93.6833,46.94,94,62,0.89
591,Riyadh,SA,2021-12-21 17:25:58,clear sky,24.6877,46.7219,62.74,29,0,15.48
592,Vallenar,CL,2021-12-21 17:25:58,few clouds,-28.5708,-70.7581,83.53,33,13,10.69
593,Houma,US,2021-12-21 17:24:52,broken clouds,29.5958,-90.7195,51.8,77,75,12.66
594,Portel,BR,2021-12-21 17:25:58,overcast clouds,-1.9356,-50.8211,92.21,43,98,4.94
595,Namatanai,PG,2021-12-21 17:25:59,overcast clouds,-3.6667,152.4333,79.52,83,100,4.36
596,Lac Du Bonnet,CA,2021-12-21 17:25:59,overcast clouds,50.2536,-96.0612,5.43,87,100,5.12
597,Yeppoon,AU,2021-12-21 17:25:59,clear sky,-23.1333,150.7333,69.58,73,1,4.03
598,Port Macquarie,AU,2021-12-21 17:22:24,light rain,-31.4333,152.9167,73.36,89,81,5.97
599,New Castle,US,2021-12-21 17:26:00,clear sky,41.0037,-80.347,42.08,68,1,6.91
600,Hashtrud,IR,2021-12-21 17:26:00,scattered clouds,37.4779,47.0508,30.15,81,31,16.53
601,Irondale,US,2021-12-21 17:23:23,overcast clouds,33.5382,-86.7072,47.79,77,90,4.61
602,Kagal,IN,2021-12-21 17:26:01,clear sky,16.5833,74.3167,67.35,53,8,2.68
603,Ballina,AU,2021-12-21 17:26:01,broken clouds,-28.8667,153.5667,73.58,88,75,5.75
604,Akonolinga,CM,2021-12-21 17:27:01,broken clouds,3.7667,12.25,83.66,36,73,1.59
605,College,US,2021-12-21 17:27:02,clear sky,64.8569,-147.8028,19.72,78,1,14.97
606,Plettenberg Bay,ZA,2021-12-21 17:27:02,scattered clouds,-34.0527,23.3716,70.68,83,44,4.65
607,Goya,AR,2021-12-21 17:27:02,clear sky,-29.14,-59.2626,105.49,19,1,6.38
608,Estelle,US,2021-12-21 17:27:03,overcast clouds,29.8458,-90.1067,50.05,78,90,8.05
609,Yarovoye,RU,2021-12-21 17:27:03,overcast clouds,52.9273,78.58,14.02,100,99,7.36
610,Bereda,ES,2021-12-21 17:27:03,overcast clouds,43.2686,-7.5406,58.75,94,91,2.51
611,Sosua,DO,2021-12-21 17:27:04,few clouds,19.7667,-70.5167,85.98,70,20,11.5
612,Bismarck,US,2021-12-21 17:27:04,few clouds,46.8083,-100.7837,18.21,79,20,16.11
613,Gryazi,RU,2021-12-21 17:27:05,overcast clouds,52.4966,39.9359,7.95,87,96,7.25
614,Cortez,US,2021-12-21 17:27:05,clear sky,37.3489,-108.5859,43.7,54,1,0.0
615,Bandar-E Lengeh,IR,2021-12-21 17:27:05,scattered clouds,26.5579,54.8807,75.31,69,27,9.22
616,Mitsamiouli,KM,2021-12-21 17:27:06,few clouds,-11.3847,43.2844,82.69,78,20,4.61
617,Oranjemund,NA,2021-12-21 17:27:06,scattered clouds,-28.55,16.4333,67.42,72,36,1.92
618,Jardim,BR,2021-12-21 17:27:06,broken clouds,-21.4803,-56.1381,100.63,21,70,3.91
619,Eston,CA,2021-12-21 17:27:07,broken clouds,51.1501,-108.7514,4.89,77,79,11.23
620,Byron Bay,AU,2021-12-21 17:27:07,broken clouds,-28.65,153.6167,73.87,82,63,11.77
621,Khani,GE,2021-12-21 17:27:07,snow,41.9563,42.9566,29.77,98,100,4.85
622,Grand-Lahou,CI,2021-12-21 17:27:08,broken clouds,5.1367,-5.0242,83.46,68,76,10.29
623,Praia,CV,2021-12-21 17:27:08,scattered clouds,14.9215,-23.5087,77.54,61,40,19.57
624,Ronneby,SE,2021-12-21 17:27:08,clear sky,56.21,15.276,18.1,100,0,0.0
625,Matara,LK,2021-12-21 17:27:09,few clouds,5.9485,80.5353,76.73,90,13,0.81
626,Zaragoza,ES,2021-12-21 17:27:09,mist,41.6561,-0.8773,41.45,93,20,4.61
627,Portland,US,2021-12-21 17:27:06,broken clouds,45.5234,-122.6762,41.2,90,75,10.0
628,Wichita Falls,US,2021-12-21 17:27:09,clear sky,33.9137,-98.4934,55.17,65,1,8.99
629,Ossora,RU,2021-12-21 17:27:10,light snow,59.2353,163.0719,15.84,91,100,15.28
630,Batagay-Alyta,RU,2021-12-21 17:27:10,overcast clouds,67.8006,130.4114,-29.99,95,97,3.09
631,Qaqortoq,GL,2021-12-21 17:27:10,overcast clouds,60.7167,-46.0333,46.9,88,100,0.87
632,Port Moresby,PG,2021-12-21 17:27:11,scattered clouds,-9.4431,147.1797,76.24,87,48,3.74
633,Suntar,RU,2021-12-21 17:27:11,broken clouds,62.1444,117.6319,-45.92,100,81,2.28
634,Rosetta,EG,2021-12-21 17:27:11,clear sky,31.4044,30.4164,59.74,76,9,15.35
635,Springdale,US,2021-12-21 17:22:15,clear sky,36.1867,-94.1288,48.45,69,1,8.99
636,Buraydah,SA,2021-12-21 17:27:12,clear sky,26.326,43.975,57.65,25,0,8.7
637,Khotyn,UA,2021-12-21 17:27:12,few clouds,48.4833,26.5,21.47,60,23,9.15
638,Jian,CN,2021-12-21 17:27:13,clear sky,27.1172,114.9793,51.42,82,1,0.69
639,Pitiquito,MX,2021-12-21 17:27:13,broken clouds,30.7,-112.0833,57.4,28,70,1.07
640,Nouadhibou,MR,2021-12-21 17:27:13,broken clouds,20.931,-17.0347,73.38,53,84,11.5
641,Mnogovershinnyy,RU,2021-12-21 17:27:14,overcast clouds,53.9353,139.9242,-8.41,93,100,7.9
642,Moussoro,TD,2021-12-21 17:27:14,clear sky,13.6408,16.4901,76.46,17,2,13.22
643,Neuquen,AR,2021-12-21 17:27:14,clear sky,-38.9516,-68.0591,85.89,26,0,2.3
644,Mangai,CD,2021-12-21 17:27:15,overcast clouds,-4.05,19.5333,79.54,74,99,1.68
645,Lubumbashi,CD,2021-12-21 17:27:15,overcast clouds,-11.6609,27.4794,66.11,92,96,1.81
646,Gaya,IN,2021-12-21 17:24:49,mist,24.7833,85.0,51.71,87,1,3.44
647,Samokov,BG,2021-12-21 17:27:15,scattered clouds,42.3333,23.55,23.68,86,47,5.73
648,Ondjiva,AO,2021-12-21 17:27:16,broken clouds,-17.0667,15.7333,89.85,22,69,3.69
649,Rumoi,JP,2021-12-21 17:27:16,light snow,43.9344,141.6428,24.15,79,94,19.17
650,Yangjiang,CN,2021-12-21 17:27:16,few clouds,21.85,111.9667,58.87,89,16,4.05
651,Ca Mau,VN,2021-12-21 17:27:17,few clouds,9.1769,105.15,74.93,94,23,3.8
652,General Bravo,MX,2021-12-21 17:27:17,clear sky,25.8,-99.1667,64.81,42,0,3.78
653,Paredon,MX,2021-12-21 17:28:17,clear sky,16.0333,-93.8667,87.33,50,5,15.46
654,Kungurtug,RU,2021-12-21 17:28:18,overcast clouds,50.5994,97.5228,16.79,96,100,2.73
655,Houston,US,2021-12-21 17:27:58,clear sky,29.7633,-95.3633,58.14,62,1,3.0
656,Oktyabrskoye,RU,2021-12-21 17:28:18,light snow,43.0645,44.7417,30.34,100,90,4.47
657,Ketchikan,US,2021-12-21 17:24:29,snow,55.3422,-131.6461,32.47,93,90,9.22
658,Juegang,CN,2021-12-21 17:28:19,clear sky,32.3174,121.1855,44.91,67,0,4.29
659,Sumedang,ID,2021-12-21 17:28:19,overcast clouds,-6.8592,107.9207,71.96,96,100,1.61
660,Pastavy,BY,2021-12-21 17:28:19,scattered clouds,55.1168,26.8326,15.75,70,29,7.02
661,Kudat,MY,2021-12-21 17:28:20,few clouds,6.8837,116.8477,82.33,83,20,4.61
662,Priargunsk,RU,2021-12-21 17:28:20,clear sky,50.3691,119.1012,-25.71,98,5,1.9
663,Shimoda,JP,2021-12-21 17:28:21,clear sky,34.6667,138.95,48.11,69,0,14.92
664,Kloulklubed,PW,2021-12-21 17:24:13,overcast clouds,7.0419,134.2556,77.5,79,100,19.44
665,Ust-Omchug,RU,2021-12-21 17:28:21,overcast clouds,61.15,149.6333,-32.4,96,98,2.84
666,Rzhev,RU,2021-12-21 17:28:21,overcast clouds,56.2624,34.3282,3.16,94,100,7.2
667,Dwarka,IN,2021-12-21 17:28:22,broken clouds,22.2394,68.9678,72.03,67,51,8.48
668,Sterling,US,2021-12-21 17:26:27,overcast clouds,39.0062,-77.4286,42.62,63,90,0.0
669,Banda Aceh,ID,2021-12-21 17:28:22,overcast clouds,5.5577,95.3222,77.16,84,96,5.57
670,Amga,RU,2021-12-21 17:28:22,overcast clouds,60.8953,131.9608,-37.84,99,98,0.4
671,Wajir,KE,2021-12-21 17:28:23,thunderstorm,1.7471,40.0573,80.56,74,75,0.0
672,Bahia Blanca,AR,2021-12-21 17:28:23,clear sky,-38.7196,-62.2724,87.42,33,1,5.26
673,Den Helder,NL,2021-12-21 17:28:23,clear sky,52.9599,4.7593,37.02,85,1,4.61
674,Torrington,US,2021-12-21 17:26:24,broken clouds,41.8007,-73.1212,41.05,63,75,1.99
675,Eyl,SO,2021-12-21 17:28:24,overcast clouds,7.9803,49.8164,76.96,69,100,19.77
676,Thunder Bay,CA,2021-12-21 17:25:50,snow,48.4001,-89.3168,12.29,87,90,8.05
677,Jonuta,MX,2021-12-21 17:28:24,overcast clouds,18.0833,-92.1333,70.65,88,97,4.47
678,Dharchula,IN,2021-12-21 17:28:25,clear sky,29.85,80.5333,44.8,37,4,7.85
679,Mareeba,AU,2021-12-21 17:28:25,scattered clouds,-17.0,145.4333,72.32,98,44,2.42
680,Worthington,US,2021-12-21 17:28:25,clear sky,40.0931,-83.018,42.08,76,1,1.99
681,Maniitsoq,GL,2021-12-21 17:28:26,overcast clouds,65.4167,-52.9,38.91,58,100,20.56
682,Nosy Varika,MG,2021-12-21 17:28:26,moderate rain,-20.5833,48.5333,76.75,90,99,11.56
683,Novaya Bryan,RU,2021-12-21 17:28:26,few clouds,51.7159,108.2691,-23.03,95,14,2.46
684,Luba,GQ,2021-12-21 17:28:26,broken clouds,3.4568,8.5547,84.09,67,66,10.45
685,Lagunas,PE,2021-12-21 17:28:27,broken clouds,-5.2269,-75.6753,93.43,46,74,4.68
686,Seddon,AU,2021-12-21 17:28:27,overcast clouds,-37.8068,144.8916,62.2,75,90,4.0
687,Saint-Joseph,RE,2021-12-21 17:28:27,light rain,-21.3667,55.6167,77.38,84,63,11.95
688,Puntarenas,CR,2021-12-21 17:28:28,overcast clouds,9.9763,-84.8384,87.73,63,96,5.91
689,Babstovo,RU,2021-12-21 17:28:28,few clouds,48.1167,132.4833,-13.49,87,23,7.78
690,Ostrovnoy,RU,2021-12-21 17:28:29,overcast clouds,68.0531,39.5131,24.73,67,100,18.3
691,Qeshm,IR,2021-12-21 17:28:29,scattered clouds,26.9581,56.2719,75.09,73,40,18.7
692,Vientiane,LA,2021-12-21 17:28:28,clear sky,17.9667,102.6,69.91,99,8,3.47
693,Carlyle,US,2021-12-21 17:26:44,clear sky,38.6103,-89.3726,45.14,81,0,3.0
694,Nichinan,JP,2021-12-21 17:28:30,overcast clouds,31.6,131.3667,53.76,78,100,5.55
695,Egvekinot,RU,2021-12-21 17:28:30,clear sky,66.3167,-179.1667,-21.75,76,0,2.89
696,Montbrison,FR,2021-12-21 17:28:30,clear sky,45.6667,4.0833,31.1,82,2,0.89
697,Dragu,RO,2021-12-21 17:28:31,overcast clouds,47.0167,23.4,26.67,79,100,10.11
